<?xml version="1.0" encoding="UTF-8" ?>
<!DOCTYPE mapper
        PUBLIC "-//mybatis.org//DTD Mapper 3.0//EN"
        "http://mybatis.org/dtd/mybatis-3-mapper.dtd">

<mapper namespace="com.nhnacademy.jdbc.board.board.mapper.BoardMapper">


    <!--column : 테이블 어트리뷰트명 property : 필드명 -->
    <resultMap id="boardMap" type="com.nhnacademy.jdbc.board.board.domain.Board">
        <result column="boardId" property="boardId" javaType="Long"/>
        <result column="title" property="title" javaType="String"/>
        <result column="content" property="content" javaType="String"/>
        <result column="created_at" property="createdAt" javaType="Date"/>
        <association
                column="username"
                property="writeName"
                javaType="com.nhnacademy.jdbc.board.user.domain.User"
                select="selectUserByName"/>

        <association column="id" property="writeId"
                     javaType="com.nhnacademy.jdbc.board.user.domain.User"
                     select="selectUser"/>
    </resultMap>


    <select id="selectBoardById" resultType="com.nhnacademy.jdbc.board.board.domain.Board" resultMap="boardMap">
        select *
        from Board
        where boardId = #{boardId}
    </select>

    <select id="selectAllBoard" resultType="com.nhnacademy.jdbc.board.board.domain.Board">
        select *
        from Board
    </select>

    <select id="selectUser" resultType="com.nhnacademy.jdbc.board.user.domain.User" resultMap="boardMap">
        select *
        from User
        where id = #{userId}
    </select>

    <select id="selectUserByName" resultType="com.nhnacademy.jdbc.board.user.domain.User" resultMap="boardMap">
        select *
        from User
        where username = #{name}
    </select>

    <insert id="insertBoard" parameterType="com.nhnacademy.jdbc.board.board.domain.Board">
        insert into Board(title, content, writeName, writeId)
        values (#{title}, #{content}, #{writeName}, #{writeId})
    </insert>



    <!--게시물번호, 제목, 작성자, 작성일시-->
    <select id="selectJoinBoard" resultType="com.nhnacademy.jdbc.board.board.domain.Board" >
        select b.boardId, b.title , u.username, b.created_at
        from Board as b
        INNER JOIN User as u on b.writeId = u.id
        where b.boardId = #{boardId}
    </select>



    <delete id="deleteById">
        delete from Board where boardId=#{boardId}
    </delete>

    <update id="updateById">
        update Board
        SET title = '${title}', cotent = '${content}', modify_at = CURRENT_TIME
        where boardId = #{boardId}
    </update>



</mapper>
